{"stats":{"minecraft:mined":{"minecraft:short_grass":6,"minecraft:grass_block":6,"minecraft:oak_log":6,"minecraft:dirt":5,"minecraft:tall_grass":4,"minecraft:crafting_table":1},"minecraft:used":{"minecraft:dirt":10,"minecraft:crafting_table":1},"minecraft:custom":{"minecraft:time_since_rest":23876,"minecraft:crouch_one_cm":2155,"minecraft:sprint_one_cm":14884,"minecraft:play_time":23876,"minecraft:walk_one_cm":7812,"minecraft:sneak_time":1229,"minecraft:jump":143,"minecraft:damage_dealt":185,"minecraft:leave_game":2,"minecraft:time_since_death":23876,"minecraft:total_world_time":23876,"minecraft:interact_with_crafting_table":1,"minecraft:fall_one_cm":4238,"minecraft:fly_one_cm":17594},"minecraft:crafted":{"minecraft:oak_planks":24,"minecraft:crafting_table":1,"minecraft:wooden_pickaxe":1},"minecraft:picked_up":{"minecraft:crafting_table":1,"minecraft:stick":2,"minecraft:apple":1,"minecraft:oak_log":6,"minecraft:oak_sapling":1,"minecraft:dirt":10}},"DataVersion":3953}