{"stats":{"minecraft:mined":{"minecraft:tall_grass":4,"minecraft:short_grass":6,"minecraft:grass_block":5},"minecraft:used":{"minecraft:dirt":5},"minecraft:custom":{"minecraft:jump":90,"minecraft:time_since_rest":12561,"minecraft:damage_dealt":185,"minecraft:leave_game":1,"minecraft:crouch_one_cm":1633,"minecraft:play_time":12561,"minecraft:sprint_one_cm":11597,"minecraft:time_since_death":12561,"minecraft:walk_one_cm":5549,"minecraft:sneak_time":771,"minecraft:total_world_time":12561,"minecraft:fall_one_cm":2357,"minecraft:fly_one_cm":12265},"minecraft:picked_up":{"minecraft:dirt":5}},"DataVersion":3953}