{"stats":{"minecraft:mined":{"minecraft:furnace":1,"minecraft:crafting_table":4,"minecraft:short_grass":7,"minecraft:coal_ore":38,"minecraft:grass_block":9,"minecraft:oak_log":7,"minecraft:dirt":19,"minecraft:tall_grass":5,"minecraft:cobblestone":1,"minecraft:stone":15,"minecraft:oak_leaves":2},"minecraft:used":{"minecraft:stone_pickaxe":54,"minecraft:wooden_pickaxe":3,"minecraft:torch":21,"minecraft:stone_axe":30,"minecraft:dirt":10,"minecraft:cobblestone":11,"minecraft:oak_slab":1,"minecraft:crafting_table":4,"minecraft:furnace":1,"minecraft:cooked_porkchop":2},"minecraft:custom":{"minecraft:time_since_rest":36212,"minecraft:interact_with_furnace":8,"minecraft:sprint_one_cm":56378,"minecraft:damage_taken":20,"minecraft:walk_one_cm":33731,"minecraft:mob_kills":14,"minecraft:drop":1,"minecraft:damage_dealt":1994,"minecraft:interact_with_crafting_table":9,"minecraft:fly_one_cm":72303,"minecraft:open_chest":1,"minecraft:crouch_one_cm":3665,"minecraft:play_time":36212,"minecraft:sneak_time":2267,"minecraft:jump":390,"minecraft:leave_game":3,"minecraft:time_since_death":36212,"minecraft:total_world_time":36212,"minecraft:fall_one_cm":10595},"minecraft:dropped":{"minecraft:wooden_pickaxe":1},"minecraft:crafted":{"minecraft:oak_slab":12,"minecraft:oak_planks":24,"minecraft:cooked_porkchop":7,"minecraft:crafting_table":1,"minecraft:stick":20,"minecraft:iron_ingot":2,"minecraft:wooden_pickaxe":1,"minecraft:stone_pickaxe":1,"minecraft:furnace":1,"minecraft:torch":64,"minecraft:stone_axe":1,"minecraft:air":0},"minecraft:picked_up":{"minecraft:stick":4,"minecraft:crafting_table":4,"minecraft:leather":9,"minecraft:torch":1,"minecraft:porkchop":8,"minecraft:oak_log":6,"minecraft:gunpowder":3,"minecraft:dirt":27,"minecraft:apple":1,"minecraft:beef":15,"minecraft:oak_sapling":2,"minecraft:coal":38,"minecraft:cobblestone":25,"minecraft:furnace":1},"minecraft:killed":{"minecraft:pig":4,"minecraft:creeper":3,"minecraft:cow":7}},"DataVersion":3953}