{"stats":{"minecraft:mined":{"minecraft:azure_bluet":10,"minecraft:crafting_table":2,"minecraft:short_grass":9,"minecraft:grass_block":2,"minecraft:oak_log":13,"minecraft:dirt":1,"minecraft:tall_grass":3,"minecraft:stone":21,"minecraft:oak_leaves":3},"minecraft:used":{"minecraft:stone_pickaxe":18,"minecraft:wooden_pickaxe":4,"minecraft:stone_axe":17,"minecraft:dirt":1,"minecraft:crafting_table":2,"minecraft:cooked_porkchop":1},"minecraft:custom":{"minecraft:time_since_rest":8663,"minecraft:interact_with_furnace":1,"minecraft:sprint_one_cm":39454,"minecraft:damage_taken":96,"minecraft:walk_one_cm":17267,"minecraft:mob_kills":9,"minecraft:damage_dealt":740,"minecraft:interact_with_crafting_table":4,"minecraft:fly_one_cm":41063,"minecraft:crouch_one_cm":3483,"minecraft:play_time":8663,"minecraft:sneak_time":606,"minecraft:jump":214,"minecraft:time_since_death":8663,"minecraft:total_world_time":8663,"minecraft:fall_one_cm":5909},"minecraft:crafted":{"minecraft:light_gray_bed":1,"minecraft:oak_planks":32,"minecraft:cooked_porkchop":1,"minecraft:crafting_table":1,"minecraft:stick":16,"minecraft:wooden_pickaxe":1,"minecraft:stone_pickaxe":2,"minecraft:light_gray_dye":10,"minecraft:light_gray_wool":2,"minecraft:stone_axe":1,"minecraft:air":0},"minecraft:picked_up":{"minecraft:stick":2,"minecraft:crafting_table":2,"minecraft:azure_bluet":10,"minecraft:feather":2,"minecraft:chicken":1,"minecraft:leather":2,"minecraft:porkchop":4,"minecraft:oak_log":14,"minecraft:dirt":3,"minecraft:wheat_seeds":4,"minecraft:beef":1,"minecraft:light_gray_wool":1,"minecraft:oak_sapling":1,"minecraft:black_wool":1,"minecraft:mutton":6,"minecraft:white_wool":3,"minecraft:cobblestone":21,"minecraft:egg":1},"minecraft:killed":{"minecraft:sheep":5,"minecraft:pig":2,"minecraft:chicken":1,"minecraft:cow":1}},"DataVersion":3953}